,縣市,行政區,得票數,得票率,已送投開票所數,應送投開票所數,時間
0,臺北市,松山區,0,0.0,0,117,"time.struct_time(tm_year=2018, tm_mon=11, tm_mday=24, tm_hour=9, tm_min=13, tm_sec=20, tm_wday=5, tm_yday=328, tm_isdst=0)"
1,臺北市,信義區,0,0.0,0,142,"time.struct_time(tm_year=2018, tm_mon=11, tm_mday=24, tm_hour=9, tm_min=13, tm_sec=20, tm_wday=5, tm_yday=328, tm_isdst=0)"
2,臺北市,大安區,0,0.0,0,188,"time.struct_time(tm_year=2018, tm_mon=11, tm_mday=24, tm_hour=9, tm_min=13, tm_sec=21, tm_wday=5, tm_yday=328, tm_isdst=0)"
3,臺北市,中山區,0,0.0,0,133,"time.struct_time(tm_year=2018, tm_mon=11, tm_mday=24, tm_hour=9, tm_min=13, tm_sec=21, tm_wday=5, tm_yday=328, tm_isdst=0)"
4,臺北市,中正區,0,0.0,0,96,"time.struct_time(tm_year=2018, tm_mon=11, tm_mday=24, tm_hour=9, tm_min=13, tm_sec=21, tm_wday=5, tm_yday=328, tm_isdst=0)"
5,臺北市,大同區,0,0.0,0,82,"time.struct_time(tm_year=2018, tm_mon=11, tm_mday=24, tm_hour=9, tm_min=13, tm_sec=21, tm_wday=5, tm_yday=328, tm_isdst=0)"
6,臺北市,萬華區,0,0.0,0,117,"time.struct_time(tm_year=2018, tm_mon=11, tm_mday=24, tm_hour=9, tm_min=13, tm_sec=21, tm_wday=5, tm_yday=328, tm_isdst=0)"
7,臺北市,文山區,0,0.0,0,162,"time.struct_time(tm_year=2018, tm_mon=11, tm_mday=24, tm_hour=9, tm_min=13, tm_sec=22, tm_wday=5, tm_yday=328, tm_isdst=0)"
8,臺北市,南港區,0,0.0,0,72,"time.struct_time(tm_year=2018, tm_mon=11, tm_mday=24, tm_hour=9, tm_min=13, tm_sec=22, tm_wday=5, tm_yday=328, tm_isdst=0)"
9,臺北市,內湖區,0,0.0,0,150,"time.struct_time(tm_year=2018, tm_mon=11, tm_mday=24, tm_hour=9, tm_min=13, tm_sec=22, tm_wday=5, tm_yday=328, tm_isdst=0)"
10,臺北市,士林區,0,0.0,0,163,"time.struct_time(tm_year=2018, tm_mon=11, tm_mday=24, tm_hour=9, tm_min=13, tm_sec=22, tm_wday=5, tm_yday=328, tm_isdst=0)"
11,臺北市,北投區,0,0.0,0,141,"time.struct_time(tm_year=2018, tm_mon=11, tm_mday=24, tm_hour=9, tm_min=13, tm_sec=22, tm_wday=5, tm_yday=328, tm_isdst=0)"
12,新北市,板橋區,0,0.0,0,338,"time.struct_time(tm_year=2018, tm_mon=11, tm_mday=24, tm_hour=9, tm_min=13, tm_sec=23, tm_wday=5, tm_yday=328, tm_isdst=0)"
13,新北市,三重區,0,0.0,0,235,"time.struct_time(tm_year=2018, tm_mon=11, tm_mday=24, tm_hour=9, tm_min=13, tm_sec=23, tm_wday=5, tm_yday=328, tm_isdst=0)"
14,新北市,中和區,108,46.96,1,244,"time.struct_time(tm_year=2018, tm_mon=11, tm_mday=24, tm_hour=9, tm_min=13, tm_sec=23, tm_wday=5, tm_yday=328, tm_isdst=0)"
15,新北市,永和區,74,14.89,1,138,"time.struct_time(tm_year=2018, tm_mon=11, tm_mday=24, tm_hour=9, tm_min=13, tm_sec=23, tm_wday=5, tm_yday=328, tm_isdst=0)"
16,新北市,新莊區,0,0.0,0,253,"time.struct_time(tm_year=2018, tm_mon=11, tm_mday=24, tm_hour=9, tm_min=13, tm_sec=24, tm_wday=5, tm_yday=328, tm_isdst=0)"
17,新北市,新店區,0,0.0,0,176,"time.struct_time(tm_year=2018, tm_mon=11, tm_mday=24, tm_hour=9, tm_min=13, tm_sec=24, tm_wday=5, tm_yday=328, tm_isdst=0)"
18,新北市,樹林區,0,0.0,0,111,"time.struct_time(tm_year=2018, tm_mon=11, tm_mday=24, tm_hour=9, tm_min=13, tm_sec=24, tm_wday=5, tm_yday=328, tm_isdst=0)"
19,新北市,鶯歌區,0,0.0,0,50,"time.struct_time(tm_year=2018, tm_mon=11, tm_mday=24, tm_hour=9, tm_min=13, tm_sec=24, tm_wday=5, tm_yday=328, tm_isdst=0)"
20,新北市,三峽區,0,0.0,0,70,"time.struct_time(tm_year=2018, tm_mon=11, tm_mday=24, tm_hour=9, tm_min=13, tm_sec=24, tm_wday=5, tm_yday=328, tm_isdst=0)"
21,新北市,淡水區,0,0.0,0,96,"time.struct_time(tm_year=2018, tm_mon=11, tm_mday=24, tm_hour=9, tm_min=13, tm_sec=24, tm_wday=5, tm_yday=328, tm_isdst=0)"
22,新北市,汐止區,0,0.0,0,111,"time.struct_time(tm_year=2018, tm_mon=11, tm_mday=24, tm_hour=9, tm_min=13, tm_sec=24, tm_wday=5, tm_yday=328, tm_isdst=0)"
23,新北市,瑞芳區,0,0.0,0,46,"time.struct_time(tm_year=2018, tm_mon=11, tm_mday=24, tm_hour=9, tm_min=13, tm_sec=24, tm_wday=5, tm_yday=328, tm_isdst=0)"
24,新北市,土城區,0,0.0,0,142,"time.struct_time(tm_year=2018, tm_mon=11, tm_mday=24, tm_hour=9, tm_min=13, tm_sec=25, tm_wday=5, tm_yday=328, tm_isdst=0)"
25,新北市,蘆洲區,0,0.0,0,104,"time.struct_time(tm_year=2018, tm_mon=11, tm_mday=24, tm_hour=9, tm_min=13, tm_sec=25, tm_wday=5, tm_yday=328, tm_isdst=0)"
26,新北市,五股區,0,0.0,0,48,"time.struct_time(tm_year=2018, tm_mon=11, tm_mday=24, tm_hour=9, tm_min=13, tm_sec=25, tm_wday=5, tm_yday=328, tm_isdst=0)"
27,新北市,泰山區,0,0.0,0,47,"time.struct_time(tm_year=2018, tm_mon=11, tm_mday=24, tm_hour=9, tm_min=13, tm_sec=25, tm_wday=5, tm_yday=328, tm_isdst=0)"
28,新北市,林口區,0,0.0,0,62,"time.struct_time(tm_year=2018, tm_mon=11, tm_mday=24, tm_hour=9, tm_min=13, tm_sec=25, tm_wday=5, tm_yday=328, tm_isdst=0)"
29,新北市,深坑區,0,0.0,0,16,"time.struct_time(tm_year=2018, tm_mon=11, tm_mday=24, tm_hour=9, tm_min=13, tm_sec=25, tm_wday=5, tm_yday=328, tm_isdst=0)"
30,新北市,石碇區,0,0.0,0,13,"time.struct_time(tm_year=2018, tm_mon=11, tm_mday=24, tm_hour=9, tm_min=13, tm_sec=25, tm_wday=5, tm_yday=328, tm_isdst=0)"
31,新北市,坪林區,88,44.44,1,10,"time.struct_time(tm_year=2018, tm_mon=11, tm_mday=24, tm_hour=9, tm_min=13, tm_sec=25, tm_wday=5, tm_yday=328, tm_isdst=0)"
32,新北市,三芝區,0,0.0,0,18,"time.struct_time(tm_year=2018, tm_mon=11, tm_mday=24, tm_hour=9, tm_min=13, tm_sec=25, tm_wday=5, tm_yday=328, tm_isdst=0)"
33,新北市,石門區,0,0.0,0,10,"time.struct_time(tm_year=2018, tm_mon=11, tm_mday=24, tm_hour=9, tm_min=13, tm_sec=25, tm_wday=5, tm_yday=328, tm_isdst=0)"
34,新北市,八里區,0,0.0,0,20,"time.struct_time(tm_year=2018, tm_mon=11, tm_mday=24, tm_hour=9, tm_min=13, tm_sec=25, tm_wday=5, tm_yday=328, tm_isdst=0)"
35,新北市,平溪區,99,37.93,2,12,"time.struct_time(tm_year=2018, tm_mon=11, tm_mday=24, tm_hour=9, tm_min=13, tm_sec=25, tm_wday=5, tm_yday=328, tm_isdst=0)"
36,新北市,雙溪區,413,42.32,5,17,"time.struct_time(tm_year=2018, tm_mon=11, tm_mday=24, tm_hour=9, tm_min=13, tm_sec=25, tm_wday=5, tm_yday=328, tm_isdst=0)"
37,新北市,貢寮區,203,53.0,2,18,"time.struct_time(tm_year=2018, tm_mon=11, tm_mday=24, tm_hour=9, tm_min=13, tm_sec=26, tm_wday=5, tm_yday=328, tm_isdst=0)"
38,新北市,金山區,0,0.0,0,19,"time.struct_time(tm_year=2018, tm_mon=11, tm_mday=24, tm_hour=9, tm_min=13, tm_sec=26, tm_wday=5, tm_yday=328, tm_isdst=0)"
39,新北市,萬里區,0,0.0,0,16,"time.struct_time(tm_year=2018, tm_mon=11, tm_mday=24, tm_hour=9, tm_min=13, tm_sec=26, tm_wday=5, tm_yday=328, tm_isdst=0)"
40,新北市,烏來區,0,0.0,0,6,"time.struct_time(tm_year=2018, tm_mon=11, tm_mday=24, tm_hour=9, tm_min=13, tm_sec=26, tm_wday=5, tm_yday=328, tm_isdst=0)"
41,桃園市,桃園區,0,0.0,0,216,"time.struct_time(tm_year=2018, tm_mon=11, tm_mday=24, tm_hour=9, tm_min=13, tm_sec=26, tm_wday=5, tm_yday=328, tm_isdst=0)"
42,桃園市,中壢區,0,0.0,0,210,"time.struct_time(tm_year=2018, tm_mon=11, tm_mday=24, tm_hour=9, tm_min=13, tm_sec=27, tm_wday=5, tm_yday=328, tm_isdst=0)"
43,桃園市,大溪區,0,0.0,0,59,"time.struct_time(tm_year=2018, tm_mon=11, tm_mday=24, tm_hour=9, tm_min=13, tm_sec=27, tm_wday=5, tm_yday=328, tm_isdst=0)"
44,桃園市,楊梅區,0,0.0,0,82,"time.struct_time(tm_year=2018, tm_mon=11, tm_mday=24, tm_hour=9, tm_min=13, tm_sec=27, tm_wday=5, tm_yday=328, tm_isdst=0)"
45,桃園市,蘆竹區,0,0.0,0,76,"time.struct_time(tm_year=2018, tm_mon=11, tm_mday=24, tm_hour=9, tm_min=13, tm_sec=27, tm_wday=5, tm_yday=328, tm_isdst=0)"
46,桃園市,大園區,0,0.0,0,50,"time.struct_time(tm_year=2018, tm_mon=11, tm_mday=24, tm_hour=9, tm_min=13, tm_sec=28, tm_wday=5, tm_yday=328, tm_isdst=0)"
47,桃園市,龜山區,0,0.0,0,78,"time.struct_time(tm_year=2018, tm_mon=11, tm_mday=24, tm_hour=9, tm_min=13, tm_sec=28, tm_wday=5, tm_yday=328, tm_isdst=0)"
48,桃園市,八德區,0,0.0,0,101,"time.struct_time(tm_year=2018, tm_mon=11, tm_mday=24, tm_hour=9, tm_min=13, tm_sec=28, tm_wday=5, tm_yday=328, tm_isdst=0)"
49,桃園市,龍潭區,0,0.0,0,64,"time.struct_time(tm_year=2018, tm_mon=11, tm_mday=24, tm_hour=9, tm_min=13, tm_sec=28, tm_wday=5, tm_yday=328, tm_isdst=0)"
50,桃園市,平鎮區,0,0.0,0,125,"time.struct_time(tm_year=2018, tm_mon=11, tm_mday=24, tm_hour=9, tm_min=13, tm_sec=28, tm_wday=5, tm_yday=328, tm_isdst=0)"
51,桃園市,新屋區,0,0.0,0,30,"time.struct_time(tm_year=2018, tm_mon=11, tm_mday=24, tm_hour=9, tm_min=13, tm_sec=29, tm_wday=5, tm_yday=328, tm_isdst=0)"
52,桃園市,觀音區,0,0.0,0,41,"time.struct_time(tm_year=2018, tm_mon=11, tm_mday=24, tm_hour=9, tm_min=13, tm_sec=29, tm_wday=5, tm_yday=328, tm_isdst=0)"
53,桃園市,復興區,0,0.0,0,10,"time.struct_time(tm_year=2018, tm_mon=11, tm_mday=24, tm_hour=9, tm_min=13, tm_sec=29, tm_wday=5, tm_yday=328, tm_isdst=0)"
54,臺中市,中區,0,0.0,0,12,"time.struct_time(tm_year=2018, tm_mon=11, tm_mday=24, tm_hour=9, tm_min=13, tm_sec=30, tm_wday=5, tm_yday=328, tm_isdst=0)"
55,臺中市,東區,0,0.0,0,49,"time.struct_time(tm_year=2018, tm_mon=11, tm_mday=24, tm_hour=9, tm_min=13, tm_sec=30, tm_wday=5, tm_yday=328, tm_isdst=0)"
56,臺中市,南區,0,0.0,0,74,"time.struct_time(tm_year=2018, tm_mon=11, tm_mday=24, tm_hour=9, tm_min=13, tm_sec=30, tm_wday=5, tm_yday=328, tm_isdst=0)"
57,臺中市,西區,0,0.0,0,66,"time.struct_time(tm_year=2018, tm_mon=11, tm_mday=24, tm_hour=9, tm_min=13, tm_sec=30, tm_wday=5, tm_yday=328, tm_isdst=0)"
58,臺中市,北區,0,0.0,0,87,"time.struct_time(tm_year=2018, tm_mon=11, tm_mday=24, tm_hour=9, tm_min=13, tm_sec=31, tm_wday=5, tm_yday=328, tm_isdst=0)"
59,臺中市,西屯區,0,0.0,0,120,"time.struct_time(tm_year=2018, tm_mon=11, tm_mday=24, tm_hour=9, tm_min=13, tm_sec=31, tm_wday=5, tm_yday=328, tm_isdst=0)"
60,臺中市,南屯區,0,0.0,0,101,"time.struct_time(tm_year=2018, tm_mon=11, tm_mday=24, tm_hour=9, tm_min=13, tm_sec=31, tm_wday=5, tm_yday=328, tm_isdst=0)"
61,臺中市,北屯區,0,0.0,0,137,"time.struct_time(tm_year=2018, tm_mon=11, tm_mday=24, tm_hour=9, tm_min=13, tm_sec=31, tm_wday=5, tm_yday=328, tm_isdst=0)"
62,臺中市,豐原區,0,0.0,0,88,"time.struct_time(tm_year=2018, tm_mon=11, tm_mday=24, tm_hour=9, tm_min=13, tm_sec=31, tm_wday=5, tm_yday=328, tm_isdst=0)"
63,臺中市,東勢區,0,0.0,0,39,"time.struct_time(tm_year=2018, tm_mon=11, tm_mday=24, tm_hour=9, tm_min=13, tm_sec=32, tm_wday=5, tm_yday=328, tm_isdst=0)"
64,臺中市,大甲區,0,0.0,0,54,"time.struct_time(tm_year=2018, tm_mon=11, tm_mday=24, tm_hour=9, tm_min=13, tm_sec=32, tm_wday=5, tm_yday=328, tm_isdst=0)"
65,臺中市,清水區,0,0.0,0,59,"time.struct_time(tm_year=2018, tm_mon=11, tm_mday=24, tm_hour=9, tm_min=13, tm_sec=32, tm_wday=5, tm_yday=328, tm_isdst=0)"
66,臺中市,沙鹿區,0,0.0,0,53,"time.struct_time(tm_year=2018, tm_mon=11, tm_mday=24, tm_hour=9, tm_min=13, tm_sec=32, tm_wday=5, tm_yday=328, tm_isdst=0)"
67,臺中市,梧棲區,5,0.66,1,36,"time.struct_time(tm_year=2018, tm_mon=11, tm_mday=24, tm_hour=9, tm_min=13, tm_sec=32, tm_wday=5, tm_yday=328, tm_isdst=0)"
68,臺中市,后里區,0,0.0,0,37,"time.struct_time(tm_year=2018, tm_mon=11, tm_mday=24, tm_hour=9, tm_min=13, tm_sec=33, tm_wday=5, tm_yday=328, tm_isdst=0)"
69,臺中市,神岡區,0,0.0,0,42,"time.struct_time(tm_year=2018, tm_mon=11, tm_mday=24, tm_hour=9, tm_min=13, tm_sec=33, tm_wday=5, tm_yday=328, tm_isdst=0)"
70,臺中市,潭子區,0,0.0,0,55,"time.struct_time(tm_year=2018, tm_mon=11, tm_mday=24, tm_hour=9, tm_min=13, tm_sec=33, tm_wday=5, tm_yday=328, tm_isdst=0)"
71,臺中市,大雅區,0,0.0,0,46,"time.struct_time(tm_year=2018, tm_mon=11, tm_mday=24, tm_hour=9, tm_min=13, tm_sec=33, tm_wday=5, tm_yday=328, tm_isdst=0)"
72,臺中市,新社區,0,0.0,0,23,"time.struct_time(tm_year=2018, tm_mon=11, tm_mday=24, tm_hour=9, tm_min=13, tm_sec=33, tm_wday=5, tm_yday=328, tm_isdst=0)"
73,臺中市,石岡區,0,0.0,0,10,"time.struct_time(tm_year=2018, tm_mon=11, tm_mday=24, tm_hour=9, tm_min=13, tm_sec=34, tm_wday=5, tm_yday=328, tm_isdst=0)"
74,臺中市,外埔區,0,0.0,0,20,"time.struct_time(tm_year=2018, tm_mon=11, tm_mday=24, tm_hour=9, tm_min=13, tm_sec=34, tm_wday=5, tm_yday=328, tm_isdst=0)"
75,臺中市,大安區,0,0.0,0,16,"time.struct_time(tm_year=2018, tm_mon=11, tm_mday=24, tm_hour=9, tm_min=13, tm_sec=34, tm_wday=5, tm_yday=328, tm_isdst=0)"
76,臺中市,烏日區,0,0.0,0,40,"time.struct_time(tm_year=2018, tm_mon=11, tm_mday=24, tm_hour=9, tm_min=13, tm_sec=34, tm_wday=5, tm_yday=328, tm_isdst=0)"
77,臺中市,大肚區,0,0.0,0,33,"time.struct_time(tm_year=2018, tm_mon=11, tm_mday=24, tm_hour=9, tm_min=13, tm_sec=35, tm_wday=5, tm_yday=328, tm_isdst=0)"
78,臺中市,龍井區,0,0.0,0,45,"time.struct_time(tm_year=2018, tm_mon=11, tm_mday=24, tm_hour=9, tm_min=13, tm_sec=35, tm_wday=5, tm_yday=328, tm_isdst=0)"
79,臺中市,霧峰區,0,0.0,0,43,"time.struct_time(tm_year=2018, tm_mon=11, tm_mday=24, tm_hour=9, tm_min=13, tm_sec=35, tm_wday=5, tm_yday=328, tm_isdst=0)"
80,臺中市,太平區,0,0.0,0,93,"time.struct_time(tm_year=2018, tm_mon=11, tm_mday=24, tm_hour=9, tm_min=13, tm_sec=35, tm_wday=5, tm_yday=328, tm_isdst=0)"
81,臺中市,大里區,0,0.0,0,106,"time.struct_time(tm_year=2018, tm_mon=11, tm_mday=24, tm_hour=9, tm_min=13, tm_sec=36, tm_wday=5, tm_yday=328, tm_isdst=0)"
82,臺中市,和平區,0,0.0,0,17,"time.struct_time(tm_year=2018, tm_mon=11, tm_mday=24, tm_hour=9, tm_min=13, tm_sec=36, tm_wday=5, tm_yday=328, tm_isdst=0)"
83,臺南市,新營區,0,0.0,0,49,"time.struct_time(tm_year=2018, tm_mon=11, tm_mday=24, tm_hour=9, tm_min=13, tm_sec=36, tm_wday=5, tm_yday=328, tm_isdst=0)"
84,臺南市,鹽水區,85,41.46,1,31,"time.struct_time(tm_year=2018, tm_mon=11, tm_mday=24, tm_hour=9, tm_min=13, tm_sec=36, tm_wday=5, tm_yday=328, tm_isdst=0)"
85,臺南市,白河區,0,0.0,0,32,"time.struct_time(tm_year=2018, tm_mon=11, tm_mday=24, tm_hour=9, tm_min=13, tm_sec=37, tm_wday=5, tm_yday=328, tm_isdst=0)"
86,臺南市,柳營區,131,44.71,2,25,"time.struct_time(tm_year=2018, tm_mon=11, tm_mday=24, tm_hour=9, tm_min=13, tm_sec=37, tm_wday=5, tm_yday=328, tm_isdst=0)"
87,臺南市,後壁區,71,44.94,1,29,"time.struct_time(tm_year=2018, tm_mon=11, tm_mday=24, tm_hour=9, tm_min=13, tm_sec=37, tm_wday=5, tm_yday=328, tm_isdst=0)"
88,臺南市,東山區,0,0.0,0,23,"time.struct_time(tm_year=2018, tm_mon=11, tm_mday=24, tm_hour=9, tm_min=13, tm_sec=37, tm_wday=5, tm_yday=328, tm_isdst=0)"
89,臺南市,麻豆區,0,0.0,0,35,"time.struct_time(tm_year=2018, tm_mon=11, tm_mday=24, tm_hour=9, tm_min=13, tm_sec=37, tm_wday=5, tm_yday=328, tm_isdst=0)"
90,臺南市,下營區,0,0.0,0,19,"time.struct_time(tm_year=2018, tm_mon=11, tm_mday=24, tm_hour=9, tm_min=13, tm_sec=38, tm_wday=5, tm_yday=328, tm_isdst=0)"
91,臺南市,六甲區,0,0.0,0,19,"time.struct_time(tm_year=2018, tm_mon=11, tm_mday=24, tm_hour=9, tm_min=13, tm_sec=38, tm_wday=5, tm_yday=328, tm_isdst=0)"
92,臺南市,官田區,0,0.0,0,20,"time.struct_time(tm_year=2018, tm_mon=11, tm_mday=24, tm_hour=9, tm_min=13, tm_sec=38, tm_wday=5, tm_yday=328, tm_isdst=0)"
93,臺南市,大內區,48,31.58,1,11,"time.struct_time(tm_year=2018, tm_mon=11, tm_mday=24, tm_hour=9, tm_min=13, tm_sec=38, tm_wday=5, tm_yday=328, tm_isdst=0)"
94,臺南市,佳里區,182,41.36,1,41,"time.struct_time(tm_year=2018, tm_mon=11, tm_mday=24, tm_hour=9, tm_min=13, tm_sec=39, tm_wday=5, tm_yday=328, tm_isdst=0)"
95,臺南市,學甲區,108,44.08,1,26,"time.struct_time(tm_year=2018, tm_mon=11, tm_mday=24, tm_hour=9, tm_min=13, tm_sec=39, tm_wday=5, tm_yday=328, tm_isdst=0)"
96,臺南市,西港區,0,0.0,0,20,"time.struct_time(tm_year=2018, tm_mon=11, tm_mday=24, tm_hour=9, tm_min=13, tm_sec=39, tm_wday=5, tm_yday=328, tm_isdst=0)"
97,臺南市,七股區,0,0.0,0,24,"time.struct_time(tm_year=2018, tm_mon=11, tm_mday=24, tm_hour=9, tm_min=13, tm_sec=39, tm_wday=5, tm_yday=328, tm_isdst=0)"
98,臺南市,將軍區,129,43.73,1,24,"time.struct_time(tm_year=2018, tm_mon=11, tm_mday=24, tm_hour=9, tm_min=13, tm_sec=40, tm_wday=5, tm_yday=328, tm_isdst=0)"
99,臺南市,北門區,353,36.39,3,18,"time.struct_time(tm_year=2018, tm_mon=11, tm_mday=24, tm_hour=9, tm_min=13, tm_sec=40, tm_wday=5, tm_yday=328, tm_isdst=0)"
100,臺南市,新化區,0,0.0,0,37,"time.struct_time(tm_year=2018, tm_mon=11, tm_mday=24, tm_hour=9, tm_min=13, tm_sec=40, tm_wday=5, tm_yday=328, tm_isdst=0)"
101,臺南市,善化區,0,0.0,0,29,"time.struct_time(tm_year=2018, tm_mon=11, tm_mday=24, tm_hour=9, tm_min=13, tm_sec=40, tm_wday=5, tm_yday=328, tm_isdst=0)"
102,臺南市,新市區,0,0.0,0,27,"time.struct_time(tm_year=2018, tm_mon=11, tm_mday=24, tm_hour=9, tm_min=13, tm_sec=40, tm_wday=5, tm_yday=328, tm_isdst=0)"
103,臺南市,安定區,0,0.0,0,24,"time.struct_time(tm_year=2018, tm_mon=11, tm_mday=24, tm_hour=9, tm_min=13, tm_sec=41, tm_wday=5, tm_yday=328, tm_isdst=0)"
104,臺南市,山上區,0,0.0,0,9,"time.struct_time(tm_year=2018, tm_mon=11, tm_mday=24, tm_hour=9, tm_min=13, tm_sec=41, tm_wday=5, tm_yday=328, tm_isdst=0)"
105,臺南市,玉井區,0,0.0,0,16,"time.struct_time(tm_year=2018, tm_mon=11, tm_mday=24, tm_hour=9, tm_min=13, tm_sec=41, tm_wday=5, tm_yday=328, tm_isdst=0)"
106,臺南市,楠西區,0,0.0,0,9,"time.struct_time(tm_year=2018, tm_mon=11, tm_mday=24, tm_hour=9, tm_min=13, tm_sec=41, tm_wday=5, tm_yday=328, tm_isdst=0)"
107,臺南市,南化區,0,0.0,0,10,"time.struct_time(tm_year=2018, tm_mon=11, tm_mday=24, tm_hour=9, tm_min=13, tm_sec=41, tm_wday=5, tm_yday=328, tm_isdst=0)"
108,臺南市,左鎮區,63,48.84,1,10,"time.struct_time(tm_year=2018, tm_mon=11, tm_mday=24, tm_hour=9, tm_min=13, tm_sec=42, tm_wday=5, tm_yday=328, tm_isdst=0)"
109,臺南市,仁德區,0,0.0,0,49,"time.struct_time(tm_year=2018, tm_mon=11, tm_mday=24, tm_hour=9, tm_min=13, tm_sec=42, tm_wday=5, tm_yday=328, tm_isdst=0)"
110,臺南市,歸仁區,0,0.0,0,46,"time.struct_time(tm_year=2018, tm_mon=11, tm_mday=24, tm_hour=9, tm_min=13, tm_sec=42, tm_wday=5, tm_yday=328, tm_isdst=0)"
111,臺南市,關廟區,0,0.0,0,32,"time.struct_time(tm_year=2018, tm_mon=11, tm_mday=24, tm_hour=9, tm_min=13, tm_sec=42, tm_wday=5, tm_yday=328, tm_isdst=0)"
112,臺南市,龍崎區,0,0.0,0,8,"time.struct_time(tm_year=2018, tm_mon=11, tm_mday=24, tm_hour=9, tm_min=13, tm_sec=43, tm_wday=5, tm_yday=328, tm_isdst=0)"
113,臺南市,永康區,0,0.0,0,142,"time.struct_time(tm_year=2018, tm_mon=11, tm_mday=24, tm_hour=9, tm_min=13, tm_sec=43, tm_wday=5, tm_yday=328, tm_isdst=0)"
114,臺南市,東區,0,0.0,0,93,"time.struct_time(tm_year=2018, tm_mon=11, tm_mday=24, tm_hour=9, tm_min=13, tm_sec=43, tm_wday=5, tm_yday=328, tm_isdst=0)"
115,臺南市,南區,0,0.0,0,80,"time.struct_time(tm_year=2018, tm_mon=11, tm_mday=24, tm_hour=9, tm_min=13, tm_sec=43, tm_wday=5, tm_yday=328, tm_isdst=0)"
116,臺南市,北區,0,0.0,0,81,"time.struct_time(tm_year=2018, tm_mon=11, tm_mday=24, tm_hour=9, tm_min=13, tm_sec=43, tm_wday=5, tm_yday=328, tm_isdst=0)"
117,臺南市,安南區,0,0.0,0,90,"time.struct_time(tm_year=2018, tm_mon=11, tm_mday=24, tm_hour=9, tm_min=13, tm_sec=44, tm_wday=5, tm_yday=328, tm_isdst=0)"
118,臺南市,安平區,0,0.0,0,32,"time.struct_time(tm_year=2018, tm_mon=11, tm_mday=24, tm_hour=9, tm_min=13, tm_sec=44, tm_wday=5, tm_yday=328, tm_isdst=0)"
119,臺南市,中西區,0,0.0,0,52,"time.struct_time(tm_year=2018, tm_mon=11, tm_mday=24, tm_hour=9, tm_min=13, tm_sec=44, tm_wday=5, tm_yday=328, tm_isdst=0)"
120,高雄市,鹽埕區,0,0.0,0,24,"time.struct_time(tm_year=2018, tm_mon=11, tm_mday=24, tm_hour=9, tm_min=13, tm_sec=44, tm_wday=5, tm_yday=328, tm_isdst=0)"
121,高雄市,鼓山區,0,0.0,0,77,"time.struct_time(tm_year=2018, tm_mon=11, tm_mday=24, tm_hour=9, tm_min=13, tm_sec=44, tm_wday=5, tm_yday=328, tm_isdst=0)"
122,高雄市,左營區,0,0.0,0,103,"time.struct_time(tm_year=2018, tm_mon=11, tm_mday=24, tm_hour=9, tm_min=13, tm_sec=45, tm_wday=5, tm_yday=328, tm_isdst=0)"
123,高雄市,楠梓區,0,0.0,0,99,"time.struct_time(tm_year=2018, tm_mon=11, tm_mday=24, tm_hour=9, tm_min=13, tm_sec=45, tm_wday=5, tm_yday=328, tm_isdst=0)"
124,高雄市,三民區,0,0.0,0,189,"time.struct_time(tm_year=2018, tm_mon=11, tm_mday=24, tm_hour=9, tm_min=13, tm_sec=45, tm_wday=5, tm_yday=328, tm_isdst=0)"
125,高雄市,新興區,0,0.0,0,42,"time.struct_time(tm_year=2018, tm_mon=11, tm_mday=24, tm_hour=9, tm_min=13, tm_sec=45, tm_wday=5, tm_yday=328, tm_isdst=0)"
126,高雄市,前金區,0,0.0,0,22,"time.struct_time(tm_year=2018, tm_mon=11, tm_mday=24, tm_hour=9, tm_min=13, tm_sec=46, tm_wday=5, tm_yday=328, tm_isdst=0)"
127,高雄市,苓雅區,0,0.0,0,116,"time.struct_time(tm_year=2018, tm_mon=11, tm_mday=24, tm_hour=9, tm_min=13, tm_sec=46, tm_wday=5, tm_yday=328, tm_isdst=0)"
128,高雄市,前鎮區,0,0.0,0,119,"time.struct_time(tm_year=2018, tm_mon=11, tm_mday=24, tm_hour=9, tm_min=13, tm_sec=46, tm_wday=5, tm_yday=328, tm_isdst=0)"
129,高雄市,旗津區,0,0.0,0,18,"time.struct_time(tm_year=2018, tm_mon=11, tm_mday=24, tm_hour=9, tm_min=13, tm_sec=46, tm_wday=5, tm_yday=328, tm_isdst=0)"
130,高雄市,小港區,0,0.0,0,89,"time.struct_time(tm_year=2018, tm_mon=11, tm_mday=24, tm_hour=9, tm_min=13, tm_sec=46, tm_wday=5, tm_yday=328, tm_isdst=0)"
131,高雄市,鳳山區,0,0.0,0,228,"time.struct_time(tm_year=2018, tm_mon=11, tm_mday=24, tm_hour=9, tm_min=13, tm_sec=47, tm_wday=5, tm_yday=328, tm_isdst=0)"
132,高雄市,林園區,0,0.0,0,51,"time.struct_time(tm_year=2018, tm_mon=11, tm_mday=24, tm_hour=9, tm_min=13, tm_sec=47, tm_wday=5, tm_yday=328, tm_isdst=0)"
133,高雄市,大寮區,0,0.0,0,81,"time.struct_time(tm_year=2018, tm_mon=11, tm_mday=24, tm_hour=9, tm_min=13, tm_sec=47, tm_wday=5, tm_yday=328, tm_isdst=0)"
134,高雄市,大樹區,0,0.0,0,32,"time.struct_time(tm_year=2018, tm_mon=11, tm_mday=24, tm_hour=9, tm_min=13, tm_sec=47, tm_wday=5, tm_yday=328, tm_isdst=0)"
135,高雄市,大社區,0,0.0,0,24,"time.struct_time(tm_year=2018, tm_mon=11, tm_mday=24, tm_hour=9, tm_min=13, tm_sec=47, tm_wday=5, tm_yday=328, tm_isdst=0)"
136,高雄市,仁武區,0,0.0,0,47,"time.struct_time(tm_year=2018, tm_mon=11, tm_mday=24, tm_hour=9, tm_min=13, tm_sec=48, tm_wday=5, tm_yday=328, tm_isdst=0)"
137,高雄市,鳥松區,0,0.0,0,28,"time.struct_time(tm_year=2018, tm_mon=11, tm_mday=24, tm_hour=9, tm_min=13, tm_sec=48, tm_wday=5, tm_yday=328, tm_isdst=0)"
138,高雄市,岡山區,0,0.0,0,72,"time.struct_time(tm_year=2018, tm_mon=11, tm_mday=24, tm_hour=9, tm_min=13, tm_sec=48, tm_wday=5, tm_yday=328, tm_isdst=0)"
139,高雄市,橋頭區,0,0.0,0,31,"time.struct_time(tm_year=2018, tm_mon=11, tm_mday=24, tm_hour=9, tm_min=13, tm_sec=48, tm_wday=5, tm_yday=328, tm_isdst=0)"
140,高雄市,燕巢區,126,91.3,1,25,"time.struct_time(tm_year=2018, tm_mon=11, tm_mday=24, tm_hour=9, tm_min=13, tm_sec=49, tm_wday=5, tm_yday=328, tm_isdst=0)"
141,高雄市,田寮區,0,0.0,0,12,"time.struct_time(tm_year=2018, tm_mon=11, tm_mday=24, tm_hour=9, tm_min=13, tm_sec=49, tm_wday=5, tm_yday=328, tm_isdst=0)"
142,高雄市,阿蓮區,0,0.0,0,21,"time.struct_time(tm_year=2018, tm_mon=11, tm_mday=24, tm_hour=9, tm_min=13, tm_sec=49, tm_wday=5, tm_yday=328, tm_isdst=0)"
143,高雄市,路竹區,0,0.0,0,41,"time.struct_time(tm_year=2018, tm_mon=11, tm_mday=24, tm_hour=9, tm_min=13, tm_sec=49, tm_wday=5, tm_yday=328, tm_isdst=0)"
144,高雄市,湖內區,0,0.0,0,24,"time.struct_time(tm_year=2018, tm_mon=11, tm_mday=24, tm_hour=9, tm_min=13, tm_sec=49, tm_wday=5, tm_yday=328, tm_isdst=0)"
145,高雄市,茄萣區,0,0.0,0,21,"time.struct_time(tm_year=2018, tm_mon=11, tm_mday=24, tm_hour=9, tm_min=13, tm_sec=50, tm_wday=5, tm_yday=328, tm_isdst=0)"
146,高雄市,永安區,0,0.0,0,12,"time.struct_time(tm_year=2018, tm_mon=11, tm_mday=24, tm_hour=9, tm_min=13, tm_sec=50, tm_wday=5, tm_yday=328, tm_isdst=0)"
147,高雄市,彌陀區,0,0.0,0,18,"time.struct_time(tm_year=2018, tm_mon=11, tm_mday=24, tm_hour=9, tm_min=13, tm_sec=50, tm_wday=5, tm_yday=328, tm_isdst=0)"
148,高雄市,梓官區,0,0.0,0,28,"time.struct_time(tm_year=2018, tm_mon=11, tm_mday=24, tm_hour=9, tm_min=13, tm_sec=50, tm_wday=5, tm_yday=328, tm_isdst=0)"
149,高雄市,旗山區,0,0.0,0,35,"time.struct_time(tm_year=2018, tm_mon=11, tm_mday=24, tm_hour=9, tm_min=13, tm_sec=50, tm_wday=5, tm_yday=328, tm_isdst=0)"
150,高雄市,美濃區,0,0.0,0,32,"time.struct_time(tm_year=2018, tm_mon=11, tm_mday=24, tm_hour=9, tm_min=13, tm_sec=51, tm_wday=5, tm_yday=328, tm_isdst=0)"
151,高雄市,六龜區,0,0.0,0,12,"time.struct_time(tm_year=2018, tm_mon=11, tm_mday=24, tm_hour=9, tm_min=13, tm_sec=51, tm_wday=5, tm_yday=328, tm_isdst=0)"
152,高雄市,甲仙區,0,0.0,0,7,"time.struct_time(tm_year=2018, tm_mon=11, tm_mday=24, tm_hour=9, tm_min=13, tm_sec=51, tm_wday=5, tm_yday=328, tm_isdst=0)"
153,高雄市,杉林區,0,0.0,0,10,"time.struct_time(tm_year=2018, tm_mon=11, tm_mday=24, tm_hour=9, tm_min=13, tm_sec=51, tm_wday=5, tm_yday=328, tm_isdst=0)"
154,高雄市,內門區,0,0.0,0,18,"time.struct_time(tm_year=2018, tm_mon=11, tm_mday=24, tm_hour=9, tm_min=13, tm_sec=51, tm_wday=5, tm_yday=328, tm_isdst=0)"
155,高雄市,茂林區,0,0.0,0,3,"time.struct_time(tm_year=2018, tm_mon=11, tm_mday=24, tm_hour=9, tm_min=13, tm_sec=52, tm_wday=5, tm_yday=328, tm_isdst=0)"
156,高雄市,桃源區,0,0.0,0,8,"time.struct_time(tm_year=2018, tm_mon=11, tm_mday=24, tm_hour=9, tm_min=13, tm_sec=52, tm_wday=5, tm_yday=328, tm_isdst=0)"
157,高雄市,那瑪夏區,0,0.0,0,4,"time.struct_time(tm_year=2018, tm_mon=11, tm_mday=24, tm_hour=9, tm_min=13, tm_sec=52, tm_wday=5, tm_yday=328, tm_isdst=0)"
158,新竹縣,竹北市,0,0.0,0,103,"time.struct_time(tm_year=2018, tm_mon=11, tm_mday=24, tm_hour=9, tm_min=13, tm_sec=52, tm_wday=5, tm_yday=328, tm_isdst=0)"
159,新竹縣,竹東鎮,0,0.0,0,72,"time.struct_time(tm_year=2018, tm_mon=11, tm_mday=24, tm_hour=9, tm_min=13, tm_sec=52, tm_wday=5, tm_yday=328, tm_isdst=0)"
160,新竹縣,新埔鎮,0,0.0,0,30,"time.struct_time(tm_year=2018, tm_mon=11, tm_mday=24, tm_hour=9, tm_min=13, tm_sec=53, tm_wday=5, tm_yday=328, tm_isdst=0)"
161,新竹縣,關西鎮,0,0.0,0,27,"time.struct_time(tm_year=2018, tm_mon=11, tm_mday=24, tm_hour=9, tm_min=13, tm_sec=53, tm_wday=5, tm_yday=328, tm_isdst=0)"
162,新竹縣,湖口鄉,0,0.0,0,47,"time.struct_time(tm_year=2018, tm_mon=11, tm_mday=24, tm_hour=9, tm_min=13, tm_sec=53, tm_wday=5, tm_yday=328, tm_isdst=0)"
163,新竹縣,新豐鄉,0,0.0,0,39,"time.struct_time(tm_year=2018, tm_mon=11, tm_mday=24, tm_hour=9, tm_min=13, tm_sec=53, tm_wday=5, tm_yday=328, tm_isdst=0)"
164,新竹縣,芎林鄉,0,0.0,0,19,"time.struct_time(tm_year=2018, tm_mon=11, tm_mday=24, tm_hour=9, tm_min=13, tm_sec=53, tm_wday=5, tm_yday=328, tm_isdst=0)"
165,新竹縣,橫山鄉,0,0.0,0,16,"time.struct_time(tm_year=2018, tm_mon=11, tm_mday=24, tm_hour=9, tm_min=13, tm_sec=54, tm_wday=5, tm_yday=328, tm_isdst=0)"
166,新竹縣,北埔鄉,0,0.0,0,10,"time.struct_time(tm_year=2018, tm_mon=11, tm_mday=24, tm_hour=9, tm_min=13, tm_sec=54, tm_wday=5, tm_yday=328, tm_isdst=0)"
167,新竹縣,寶山鄉,0,0.0,0,12,"time.struct_time(tm_year=2018, tm_mon=11, tm_mday=24, tm_hour=9, tm_min=13, tm_sec=54, tm_wday=5, tm_yday=328, tm_isdst=0)"
168,新竹縣,峨眉鄉,0,0.0,0,8,"time.struct_time(tm_year=2018, tm_mon=11, tm_mday=24, tm_hour=9, tm_min=13, tm_sec=54, tm_wday=5, tm_yday=328, tm_isdst=0)"
169,新竹縣,尖石鄉,0,0.0,0,15,"time.struct_time(tm_year=2018, tm_mon=11, tm_mday=24, tm_hour=9, tm_min=13, tm_sec=54, tm_wday=5, tm_yday=328, tm_isdst=0)"
170,新竹縣,五峰鄉,0,0.0,0,6,"time.struct_time(tm_year=2018, tm_mon=11, tm_mday=24, tm_hour=9, tm_min=13, tm_sec=55, tm_wday=5, tm_yday=328, tm_isdst=0)"
171,苗栗縣,苗栗市,0,0.0,0,67,"time.struct_time(tm_year=2018, tm_mon=11, tm_mday=24, tm_hour=9, tm_min=13, tm_sec=55, tm_wday=5, tm_yday=328, tm_isdst=0)"
172,苗栗縣,苑裡鎮,0,0.0,0,40,"time.struct_time(tm_year=2018, tm_mon=11, tm_mday=24, tm_hour=9, tm_min=13, tm_sec=55, tm_wday=5, tm_yday=328, tm_isdst=0)"
173,苗栗縣,通霄鎮,0,0.0,0,34,"time.struct_time(tm_year=2018, tm_mon=11, tm_mday=24, tm_hour=9, tm_min=13, tm_sec=55, tm_wday=5, tm_yday=328, tm_isdst=0)"
174,苗栗縣,竹南鎮,0,0.0,0,61,"time.struct_time(tm_year=2018, tm_mon=11, tm_mday=24, tm_hour=9, tm_min=13, tm_sec=55, tm_wday=5, tm_yday=328, tm_isdst=0)"
175,苗栗縣,頭份市,0,0.0,0,71,"time.struct_time(tm_year=2018, tm_mon=11, tm_mday=24, tm_hour=9, tm_min=13, tm_sec=56, tm_wday=5, tm_yday=328, tm_isdst=0)"
176,苗栗縣,後龍鎮,0,0.0,0,35,"time.struct_time(tm_year=2018, tm_mon=11, tm_mday=24, tm_hour=9, tm_min=13, tm_sec=56, tm_wday=5, tm_yday=328, tm_isdst=0)"
177,苗栗縣,卓蘭鎮,0,0.0,0,19,"time.struct_time(tm_year=2018, tm_mon=11, tm_mday=24, tm_hour=9, tm_min=13, tm_sec=56, tm_wday=5, tm_yday=328, tm_isdst=0)"
178,苗栗縣,大湖鄉,0,0.0,0,15,"time.struct_time(tm_year=2018, tm_mon=11, tm_mday=24, tm_hour=9, tm_min=13, tm_sec=56, tm_wday=5, tm_yday=328, tm_isdst=0)"
179,苗栗縣,公館鄉,0,0.0,0,28,"time.struct_time(tm_year=2018, tm_mon=11, tm_mday=24, tm_hour=9, tm_min=13, tm_sec=56, tm_wday=5, tm_yday=328, tm_isdst=0)"
180,苗栗縣,銅鑼鄉,0,0.0,0,16,"time.struct_time(tm_year=2018, tm_mon=11, tm_mday=24, tm_hour=9, tm_min=13, tm_sec=57, tm_wday=5, tm_yday=328, tm_isdst=0)"
181,苗栗縣,南庄鄉,0,0.0,0,9,"time.struct_time(tm_year=2018, tm_mon=11, tm_mday=24, tm_hour=9, tm_min=13, tm_sec=57, tm_wday=5, tm_yday=328, tm_isdst=0)"
182,苗栗縣,頭屋鄉,0,0.0,0,12,"time.struct_time(tm_year=2018, tm_mon=11, tm_mday=24, tm_hour=9, tm_min=13, tm_sec=57, tm_wday=5, tm_yday=328, tm_isdst=0)"
183,苗栗縣,三義鄉,0,0.0,0,16,"time.struct_time(tm_year=2018, tm_mon=11, tm_mday=24, tm_hour=9, tm_min=13, tm_sec=57, tm_wday=5, tm_yday=328, tm_isdst=0)"
184,苗栗縣,西湖鄉,0,0.0,0,9,"time.struct_time(tm_year=2018, tm_mon=11, tm_mday=24, tm_hour=9, tm_min=13, tm_sec=57, tm_wday=5, tm_yday=328, tm_isdst=0)"
185,苗栗縣,造橋鄉,0,0.0,0,12,"time.struct_time(tm_year=2018, tm_mon=11, tm_mday=24, tm_hour=9, tm_min=13, tm_sec=58, tm_wday=5, tm_yday=328, tm_isdst=0)"
186,苗栗縣,三灣鄉,0,0.0,0,9,"time.struct_time(tm_year=2018, tm_mon=11, tm_mday=24, tm_hour=9, tm_min=13, tm_sec=58, tm_wday=5, tm_yday=328, tm_isdst=0)"
187,苗栗縣,獅潭鄉,0,0.0,0,7,"time.struct_time(tm_year=2018, tm_mon=11, tm_mday=24, tm_hour=9, tm_min=13, tm_sec=58, tm_wday=5, tm_yday=328, tm_isdst=0)"
188,苗栗縣,泰安鄉,0,0.0,0,10,"time.struct_time(tm_year=2018, tm_mon=11, tm_mday=24, tm_hour=9, tm_min=13, tm_sec=58, tm_wday=5, tm_yday=328, tm_isdst=0)"
189,彰化縣,彰化市,0,0.0,0,184,"time.struct_time(tm_year=2018, tm_mon=11, tm_mday=24, tm_hour=9, tm_min=13, tm_sec=58, tm_wday=5, tm_yday=328, tm_isdst=0)"
190,彰化縣,鹿港鎮,0,0.0,0,65,"time.struct_time(tm_year=2018, tm_mon=11, tm_mday=24, tm_hour=9, tm_min=13, tm_sec=59, tm_wday=5, tm_yday=328, tm_isdst=0)"
191,彰化縣,和美鎮,0,0.0,0,68,"time.struct_time(tm_year=2018, tm_mon=11, tm_mday=24, tm_hour=9, tm_min=13, tm_sec=59, tm_wday=5, tm_yday=328, tm_isdst=0)"
192,彰化縣,線西鄉,0,0.0,0,12,"time.struct_time(tm_year=2018, tm_mon=11, tm_mday=24, tm_hour=9, tm_min=13, tm_sec=59, tm_wday=5, tm_yday=328, tm_isdst=0)"
193,彰化縣,伸港鄉,0,0.0,0,28,"time.struct_time(tm_year=2018, tm_mon=11, tm_mday=24, tm_hour=9, tm_min=13, tm_sec=59, tm_wday=5, tm_yday=328, tm_isdst=0)"
194,彰化縣,福興鄉,0,0.0,0,33,"time.struct_time(tm_year=2018, tm_mon=11, tm_mday=24, tm_hour=9, tm_min=14, tm_sec=0, tm_wday=5, tm_yday=328, tm_isdst=0)"
195,彰化縣,秀水鄉,0,0.0,0,32,"time.struct_time(tm_year=2018, tm_mon=11, tm_mday=24, tm_hour=9, tm_min=14, tm_sec=0, tm_wday=5, tm_yday=328, tm_isdst=0)"
196,彰化縣,花壇鄉,0,0.0,0,37,"time.struct_time(tm_year=2018, tm_mon=11, tm_mday=24, tm_hour=9, tm_min=14, tm_sec=0, tm_wday=5, tm_yday=328, tm_isdst=0)"
197,彰化縣,芬園鄉,0,0.0,0,21,"time.struct_time(tm_year=2018, tm_mon=11, tm_mday=24, tm_hour=9, tm_min=14, tm_sec=0, tm_wday=5, tm_yday=328, tm_isdst=0)"
198,彰化縣,員林市,0,0.0,0,98,"time.struct_time(tm_year=2018, tm_mon=11, tm_mday=24, tm_hour=9, tm_min=14, tm_sec=1, tm_wday=5, tm_yday=328, tm_isdst=0)"
199,彰化縣,溪湖鎮,0,0.0,0,42,"time.struct_time(tm_year=2018, tm_mon=11, tm_mday=24, tm_hour=9, tm_min=14, tm_sec=1, tm_wday=5, tm_yday=328, tm_isdst=0)"
200,彰化縣,田中鎮,0,0.0,0,36,"time.struct_time(tm_year=2018, tm_mon=11, tm_mday=24, tm_hour=9, tm_min=14, tm_sec=1, tm_wday=5, tm_yday=328, tm_isdst=0)"
201,彰化縣,大村鄉,0,0.0,0,27,"time.struct_time(tm_year=2018, tm_mon=11, tm_mday=24, tm_hour=9, tm_min=14, tm_sec=1, tm_wday=5, tm_yday=328, tm_isdst=0)"
202,彰化縣,埔鹽鄉,0,0.0,0,29,"time.struct_time(tm_year=2018, tm_mon=11, tm_mday=24, tm_hour=9, tm_min=14, tm_sec=1, tm_wday=5, tm_yday=328, tm_isdst=0)"
203,彰化縣,埔心鄉,0,0.0,0,31,"time.struct_time(tm_year=2018, tm_mon=11, tm_mday=24, tm_hour=9, tm_min=14, tm_sec=2, tm_wday=5, tm_yday=328, tm_isdst=0)"
204,彰化縣,永靖鄉,0,0.0,0,34,"time.struct_time(tm_year=2018, tm_mon=11, tm_mday=24, tm_hour=9, tm_min=14, tm_sec=2, tm_wday=5, tm_yday=328, tm_isdst=0)"
205,彰化縣,社頭鄉,0,0.0,0,38,"time.struct_time(tm_year=2018, tm_mon=11, tm_mday=24, tm_hour=9, tm_min=14, tm_sec=2, tm_wday=5, tm_yday=328, tm_isdst=0)"
206,彰化縣,二水鄉,0,0.0,0,17,"time.struct_time(tm_year=2018, tm_mon=11, tm_mday=24, tm_hour=9, tm_min=14, tm_sec=2, tm_wday=5, tm_yday=328, tm_isdst=0)"
207,彰化縣,北斗鎮,0,0.0,0,30,"time.struct_time(tm_year=2018, tm_mon=11, tm_mday=24, tm_hour=9, tm_min=14, tm_sec=3, tm_wday=5, tm_yday=328, tm_isdst=0)"
208,彰化縣,二林鎮,0,0.0,0,39,"time.struct_time(tm_year=2018, tm_mon=11, tm_mday=24, tm_hour=9, tm_min=14, tm_sec=3, tm_wday=5, tm_yday=328, tm_isdst=0)"
209,彰化縣,田尾鄉,0,0.0,0,25,"time.struct_time(tm_year=2018, tm_mon=11, tm_mday=24, tm_hour=9, tm_min=14, tm_sec=3, tm_wday=5, tm_yday=328, tm_isdst=0)"
210,彰化縣,埤頭鄉,0,0.0,0,27,"time.struct_time(tm_year=2018, tm_mon=11, tm_mday=24, tm_hour=9, tm_min=14, tm_sec=3, tm_wday=5, tm_yday=328, tm_isdst=0)"
211,彰化縣,芳苑鄉,0,0.0,0,36,"time.struct_time(tm_year=2018, tm_mon=11, tm_mday=24, tm_hour=9, tm_min=14, tm_sec=4, tm_wday=5, tm_yday=328, tm_isdst=0)"
212,彰化縣,大城鄉,0,0.0,0,17,"time.struct_time(tm_year=2018, tm_mon=11, tm_mday=24, tm_hour=9, tm_min=14, tm_sec=4, tm_wday=5, tm_yday=328, tm_isdst=0)"
213,彰化縣,竹塘鄉,0,0.0,0,16,"time.struct_time(tm_year=2018, tm_mon=11, tm_mday=24, tm_hour=9, tm_min=14, tm_sec=4, tm_wday=5, tm_yday=328, tm_isdst=0)"
214,彰化縣,溪州鄉,0,0.0,0,27,"time.struct_time(tm_year=2018, tm_mon=11, tm_mday=24, tm_hour=9, tm_min=14, tm_sec=4, tm_wday=5, tm_yday=328, tm_isdst=0)"
215,南投縣,南投市,0,0.0,0,84,"time.struct_time(tm_year=2018, tm_mon=11, tm_mday=24, tm_hour=9, tm_min=14, tm_sec=4, tm_wday=5, tm_yday=328, tm_isdst=0)"
216,南投縣,埔里鎮,0,0.0,0,68,"time.struct_time(tm_year=2018, tm_mon=11, tm_mday=24, tm_hour=9, tm_min=14, tm_sec=5, tm_wday=5, tm_yday=328, tm_isdst=0)"
217,南投縣,草屯鎮,0,0.0,0,76,"time.struct_time(tm_year=2018, tm_mon=11, tm_mday=24, tm_hour=9, tm_min=14, tm_sec=5, tm_wday=5, tm_yday=328, tm_isdst=0)"
218,南投縣,竹山鎮,0,0.0,0,53,"time.struct_time(tm_year=2018, tm_mon=11, tm_mday=24, tm_hour=9, tm_min=14, tm_sec=5, tm_wday=5, tm_yday=328, tm_isdst=0)"
219,南投縣,集集鎮,0,0.0,0,13,"time.struct_time(tm_year=2018, tm_mon=11, tm_mday=24, tm_hour=9, tm_min=14, tm_sec=5, tm_wday=5, tm_yday=328, tm_isdst=0)"
220,南投縣,名間鄉,0,0.0,0,37,"time.struct_time(tm_year=2018, tm_mon=11, tm_mday=24, tm_hour=9, tm_min=14, tm_sec=6, tm_wday=5, tm_yday=328, tm_isdst=0)"
221,南投縣,鹿谷鄉,0,0.0,0,21,"time.struct_time(tm_year=2018, tm_mon=11, tm_mday=24, tm_hour=9, tm_min=14, tm_sec=6, tm_wday=5, tm_yday=328, tm_isdst=0)"
222,南投縣,中寮鄉,0,0.0,0,24,"time.struct_time(tm_year=2018, tm_mon=11, tm_mday=24, tm_hour=9, tm_min=14, tm_sec=6, tm_wday=5, tm_yday=328, tm_isdst=0)"
223,南投縣,魚池鄉,0,0.0,0,25,"time.struct_time(tm_year=2018, tm_mon=11, tm_mday=24, tm_hour=9, tm_min=14, tm_sec=6, tm_wday=5, tm_yday=328, tm_isdst=0)"
224,南投縣,國姓鄉,0,0.0,0,20,"time.struct_time(tm_year=2018, tm_mon=11, tm_mday=24, tm_hour=9, tm_min=14, tm_sec=6, tm_wday=5, tm_yday=328, tm_isdst=0)"
225,南投縣,水里鄉,0,0.0,0,22,"time.struct_time(tm_year=2018, tm_mon=11, tm_mday=24, tm_hour=9, tm_min=14, tm_sec=7, tm_wday=5, tm_yday=328, tm_isdst=0)"
226,南投縣,信義鄉,0,0.0,0,20,"time.struct_time(tm_year=2018, tm_mon=11, tm_mday=24, tm_hour=9, tm_min=14, tm_sec=7, tm_wday=5, tm_yday=328, tm_isdst=0)"
227,南投縣,仁愛鄉,0,0.0,0,25,"time.struct_time(tm_year=2018, tm_mon=11, tm_mday=24, tm_hour=9, tm_min=14, tm_sec=7, tm_wday=5, tm_yday=328, tm_isdst=0)"
228,雲林縣,斗六市,0,0.0,0,69,"time.struct_time(tm_year=2018, tm_mon=11, tm_mday=24, tm_hour=9, tm_min=14, tm_sec=7, tm_wday=5, tm_yday=328, tm_isdst=0)"
229,雲林縣,斗南鎮,0,0.0,0,33,"time.struct_time(tm_year=2018, tm_mon=11, tm_mday=24, tm_hour=9, tm_min=14, tm_sec=8, tm_wday=5, tm_yday=328, tm_isdst=0)"
230,雲林縣,虎尾鎮,0,0.0,0,46,"time.struct_time(tm_year=2018, tm_mon=11, tm_mday=24, tm_hour=9, tm_min=14, tm_sec=8, tm_wday=5, tm_yday=328, tm_isdst=0)"
231,雲林縣,西螺鎮,0,0.0,0,34,"time.struct_time(tm_year=2018, tm_mon=11, tm_mday=24, tm_hour=9, tm_min=14, tm_sec=8, tm_wday=5, tm_yday=328, tm_isdst=0)"
232,雲林縣,土庫鎮,0,0.0,0,29,"time.struct_time(tm_year=2018, tm_mon=11, tm_mday=24, tm_hour=9, tm_min=14, tm_sec=8, tm_wday=5, tm_yday=328, tm_isdst=0)"
233,雲林縣,北港鎮,0,0.0,0,41,"time.struct_time(tm_year=2018, tm_mon=11, tm_mday=24, tm_hour=9, tm_min=14, tm_sec=8, tm_wday=5, tm_yday=328, tm_isdst=0)"
234,雲林縣,古坑鄉,0,0.0,0,27,"time.struct_time(tm_year=2018, tm_mon=11, tm_mday=24, tm_hour=9, tm_min=14, tm_sec=9, tm_wday=5, tm_yday=328, tm_isdst=0)"
235,雲林縣,大埤鄉,0,0.0,0,18,"time.struct_time(tm_year=2018, tm_mon=11, tm_mday=24, tm_hour=9, tm_min=14, tm_sec=9, tm_wday=5, tm_yday=328, tm_isdst=0)"
236,雲林縣,莿桐鄉,0,0.0,0,22,"time.struct_time(tm_year=2018, tm_mon=11, tm_mday=24, tm_hour=9, tm_min=14, tm_sec=9, tm_wday=5, tm_yday=328, tm_isdst=0)"
237,雲林縣,林內鄉,0,0.0,0,15,"time.struct_time(tm_year=2018, tm_mon=11, tm_mday=24, tm_hour=9, tm_min=14, tm_sec=9, tm_wday=5, tm_yday=328, tm_isdst=0)"
238,雲林縣,二崙鄉,0,0.0,0,23,"time.struct_time(tm_year=2018, tm_mon=11, tm_mday=24, tm_hour=9, tm_min=14, tm_sec=9, tm_wday=5, tm_yday=328, tm_isdst=0)"
239,雲林縣,崙背鄉,0,0.0,0,20,"time.struct_time(tm_year=2018, tm_mon=11, tm_mday=24, tm_hour=9, tm_min=14, tm_sec=10, tm_wday=5, tm_yday=328, tm_isdst=0)"
240,雲林縣,麥寮鄉,0,0.0,0,28,"time.struct_time(tm_year=2018, tm_mon=11, tm_mday=24, tm_hour=9, tm_min=14, tm_sec=10, tm_wday=5, tm_yday=328, tm_isdst=0)"
241,雲林縣,東勢鄉,0,0.0,0,15,"time.struct_time(tm_year=2018, tm_mon=11, tm_mday=24, tm_hour=9, tm_min=14, tm_sec=10, tm_wday=5, tm_yday=328, tm_isdst=0)"
242,雲林縣,褒忠鄉,0,0.0,0,14,"time.struct_time(tm_year=2018, tm_mon=11, tm_mday=24, tm_hour=9, tm_min=14, tm_sec=10, tm_wday=5, tm_yday=328, tm_isdst=0)"
243,雲林縣,臺西鄉,0,0.0,0,22,"time.struct_time(tm_year=2018, tm_mon=11, tm_mday=24, tm_hour=9, tm_min=14, tm_sec=10, tm_wday=5, tm_yday=328, tm_isdst=0)"
244,雲林縣,元長鄉,0,0.0,0,25,"time.struct_time(tm_year=2018, tm_mon=11, tm_mday=24, tm_hour=9, tm_min=14, tm_sec=11, tm_wday=5, tm_yday=328, tm_isdst=0)"
245,雲林縣,四湖鄉,0,0.0,0,25,"time.struct_time(tm_year=2018, tm_mon=11, tm_mday=24, tm_hour=9, tm_min=14, tm_sec=11, tm_wday=5, tm_yday=328, tm_isdst=0)"
246,雲林縣,口湖鄉,0,0.0,0,25,"time.struct_time(tm_year=2018, tm_mon=11, tm_mday=24, tm_hour=9, tm_min=14, tm_sec=11, tm_wday=5, tm_yday=328, tm_isdst=0)"
247,雲林縣,水林鄉,0,0.0,0,26,"time.struct_time(tm_year=2018, tm_mon=11, tm_mday=24, tm_hour=9, tm_min=14, tm_sec=11, tm_wday=5, tm_yday=328, tm_isdst=0)"
248,嘉義縣,太保市,0,0.0,0,33,"time.struct_time(tm_year=2018, tm_mon=11, tm_mday=24, tm_hour=9, tm_min=14, tm_sec=11, tm_wday=5, tm_yday=328, tm_isdst=0)"
249,嘉義縣,朴子市,0,0.0,0,35,"time.struct_time(tm_year=2018, tm_mon=11, tm_mday=24, tm_hour=9, tm_min=14, tm_sec=12, tm_wday=5, tm_yday=328, tm_isdst=0)"
250,嘉義縣,布袋鎮,0,0.0,0,29,"time.struct_time(tm_year=2018, tm_mon=11, tm_mday=24, tm_hour=9, tm_min=14, tm_sec=12, tm_wday=5, tm_yday=328, tm_isdst=0)"
251,嘉義縣,大林鎮,0,0.0,0,25,"time.struct_time(tm_year=2018, tm_mon=11, tm_mday=24, tm_hour=9, tm_min=14, tm_sec=12, tm_wday=5, tm_yday=328, tm_isdst=0)"
252,嘉義縣,民雄鄉,0,0.0,0,45,"time.struct_time(tm_year=2018, tm_mon=11, tm_mday=24, tm_hour=9, tm_min=14, tm_sec=12, tm_wday=5, tm_yday=328, tm_isdst=0)"
253,嘉義縣,溪口鄉,0,0.0,0,17,"time.struct_time(tm_year=2018, tm_mon=11, tm_mday=24, tm_hour=9, tm_min=14, tm_sec=13, tm_wday=5, tm_yday=328, tm_isdst=0)"
254,嘉義縣,新港鄉,0,0.0,0,31,"time.struct_time(tm_year=2018, tm_mon=11, tm_mday=24, tm_hour=9, tm_min=14, tm_sec=13, tm_wday=5, tm_yday=328, tm_isdst=0)"
255,嘉義縣,六腳鄉,0,0.0,0,30,"time.struct_time(tm_year=2018, tm_mon=11, tm_mday=24, tm_hour=9, tm_min=14, tm_sec=13, tm_wday=5, tm_yday=328, tm_isdst=0)"
256,嘉義縣,東石鄉,0,0.0,0,27,"time.struct_time(tm_year=2018, tm_mon=11, tm_mday=24, tm_hour=9, tm_min=14, tm_sec=13, tm_wday=5, tm_yday=328, tm_isdst=0)"
257,嘉義縣,義竹鄉,0,0.0,0,26,"time.struct_time(tm_year=2018, tm_mon=11, tm_mday=24, tm_hour=9, tm_min=14, tm_sec=13, tm_wday=5, tm_yday=328, tm_isdst=0)"
258,嘉義縣,鹿草鄉,0,0.0,0,20,"time.struct_time(tm_year=2018, tm_mon=11, tm_mday=24, tm_hour=9, tm_min=14, tm_sec=14, tm_wday=5, tm_yday=328, tm_isdst=0)"
259,嘉義縣,水上鄉,0,0.0,0,39,"time.struct_time(tm_year=2018, tm_mon=11, tm_mday=24, tm_hour=9, tm_min=14, tm_sec=14, tm_wday=5, tm_yday=328, tm_isdst=0)"
260,嘉義縣,中埔鄉,0,0.0,0,34,"time.struct_time(tm_year=2018, tm_mon=11, tm_mday=24, tm_hour=9, tm_min=14, tm_sec=14, tm_wday=5, tm_yday=328, tm_isdst=0)"
261,嘉義縣,竹崎鄉,0,0.0,0,36,"time.struct_time(tm_year=2018, tm_mon=11, tm_mday=24, tm_hour=9, tm_min=14, tm_sec=14, tm_wday=5, tm_yday=328, tm_isdst=0)"
262,嘉義縣,梅山鄉,0,0.0,0,22,"time.struct_time(tm_year=2018, tm_mon=11, tm_mday=24, tm_hour=9, tm_min=14, tm_sec=15, tm_wday=5, tm_yday=328, tm_isdst=0)"
263,嘉義縣,番路鄉,0,0.0,0,15,"time.struct_time(tm_year=2018, tm_mon=11, tm_mday=24, tm_hour=9, tm_min=14, tm_sec=15, tm_wday=5, tm_yday=328, tm_isdst=0)"
264,嘉義縣,大埔鄉,0,0.0,0,9,"time.struct_time(tm_year=2018, tm_mon=11, tm_mday=24, tm_hour=9, tm_min=14, tm_sec=15, tm_wday=5, tm_yday=328, tm_isdst=0)"
265,嘉義縣,阿里山鄉,0,0.0,0,13,"time.struct_time(tm_year=2018, tm_mon=11, tm_mday=24, tm_hour=9, tm_min=14, tm_sec=15, tm_wday=5, tm_yday=328, tm_isdst=0)"
266,屏東縣,屏東市,0,0.0,0,149,"time.struct_time(tm_year=2018, tm_mon=11, tm_mday=24, tm_hour=9, tm_min=14, tm_sec=15, tm_wday=5, tm_yday=328, tm_isdst=0)"
267,屏東縣,潮州鎮,0,0.0,0,40,"time.struct_time(tm_year=2018, tm_mon=11, tm_mday=24, tm_hour=9, tm_min=14, tm_sec=16, tm_wday=5, tm_yday=328, tm_isdst=0)"
268,屏東縣,東港鎮,0,0.0,0,38,"time.struct_time(tm_year=2018, tm_mon=11, tm_mday=24, tm_hour=9, tm_min=14, tm_sec=16, tm_wday=5, tm_yday=328, tm_isdst=0)"
269,屏東縣,恆春鎮,0,0.0,0,25,"time.struct_time(tm_year=2018, tm_mon=11, tm_mday=24, tm_hour=9, tm_min=14, tm_sec=16, tm_wday=5, tm_yday=328, tm_isdst=0)"
270,屏東縣,萬丹鄉,0,0.0,0,39,"time.struct_time(tm_year=2018, tm_mon=11, tm_mday=24, tm_hour=9, tm_min=14, tm_sec=16, tm_wday=5, tm_yday=328, tm_isdst=0)"
271,屏東縣,長治鄉,0,0.0,0,22,"time.struct_time(tm_year=2018, tm_mon=11, tm_mday=24, tm_hour=9, tm_min=14, tm_sec=16, tm_wday=5, tm_yday=328, tm_isdst=0)"
272,屏東縣,麟洛鄉,0,0.0,0,10,"time.struct_time(tm_year=2018, tm_mon=11, tm_mday=24, tm_hour=9, tm_min=14, tm_sec=17, tm_wday=5, tm_yday=328, tm_isdst=0)"
273,屏東縣,九如鄉,0,0.0,0,14,"time.struct_time(tm_year=2018, tm_mon=11, tm_mday=24, tm_hour=9, tm_min=14, tm_sec=17, tm_wday=5, tm_yday=328, tm_isdst=0)"
274,屏東縣,里港鄉,0,0.0,0,20,"time.struct_time(tm_year=2018, tm_mon=11, tm_mday=24, tm_hour=9, tm_min=14, tm_sec=17, tm_wday=5, tm_yday=328, tm_isdst=0)"
275,屏東縣,鹽埔鄉,0,0.0,0,20,"time.struct_time(tm_year=2018, tm_mon=11, tm_mday=24, tm_hour=9, tm_min=14, tm_sec=17, tm_wday=5, tm_yday=328, tm_isdst=0)"
276,屏東縣,高樹鄉,0,0.0,0,22,"time.struct_time(tm_year=2018, tm_mon=11, tm_mday=24, tm_hour=9, tm_min=14, tm_sec=18, tm_wday=5, tm_yday=328, tm_isdst=0)"
277,屏東縣,萬巒鄉,0,0.0,0,18,"time.struct_time(tm_year=2018, tm_mon=11, tm_mday=24, tm_hour=9, tm_min=14, tm_sec=18, tm_wday=5, tm_yday=328, tm_isdst=0)"
278,屏東縣,內埔鄉,0,0.0,0,40,"time.struct_time(tm_year=2018, tm_mon=11, tm_mday=24, tm_hour=9, tm_min=14, tm_sec=18, tm_wday=5, tm_yday=328, tm_isdst=0)"
279,屏東縣,竹田鄉,0,0.0,0,16,"time.struct_time(tm_year=2018, tm_mon=11, tm_mday=24, tm_hour=9, tm_min=14, tm_sec=18, tm_wday=5, tm_yday=328, tm_isdst=0)"
280,屏東縣,新埤鄉,0,0.0,0,12,"time.struct_time(tm_year=2018, tm_mon=11, tm_mday=24, tm_hour=9, tm_min=14, tm_sec=18, tm_wday=5, tm_yday=328, tm_isdst=0)"
281,屏東縣,枋寮鄉,0,0.0,0,22,"time.struct_time(tm_year=2018, tm_mon=11, tm_mday=24, tm_hour=9, tm_min=14, tm_sec=19, tm_wday=5, tm_yday=328, tm_isdst=0)"
282,屏東縣,新園鄉,0,0.0,0,28,"time.struct_time(tm_year=2018, tm_mon=11, tm_mday=24, tm_hour=9, tm_min=14, tm_sec=19, tm_wday=5, tm_yday=328, tm_isdst=0)"
283,屏東縣,崁頂鄉,0,0.0,0,12,"time.struct_time(tm_year=2018, tm_mon=11, tm_mday=24, tm_hour=9, tm_min=14, tm_sec=19, tm_wday=5, tm_yday=328, tm_isdst=0)"
284,屏東縣,林邊鄉,0,0.0,0,16,"time.struct_time(tm_year=2018, tm_mon=11, tm_mday=24, tm_hour=9, tm_min=14, tm_sec=19, tm_wday=5, tm_yday=328, tm_isdst=0)"
285,屏東縣,南州鄉,0,0.0,0,11,"time.struct_time(tm_year=2018, tm_mon=11, tm_mday=24, tm_hour=9, tm_min=14, tm_sec=19, tm_wday=5, tm_yday=328, tm_isdst=0)"
286,屏東縣,佳冬鄉,0,0.0,0,16,"time.struct_time(tm_year=2018, tm_mon=11, tm_mday=24, tm_hour=9, tm_min=14, tm_sec=20, tm_wday=5, tm_yday=328, tm_isdst=0)"
287,屏東縣,琉球鄉,0,0.0,0,9,"time.struct_time(tm_year=2018, tm_mon=11, tm_mday=24, tm_hour=9, tm_min=14, tm_sec=20, tm_wday=5, tm_yday=328, tm_isdst=0)"
288,屏東縣,車城鄉,0,0.0,0,13,"time.struct_time(tm_year=2018, tm_mon=11, tm_mday=24, tm_hour=9, tm_min=14, tm_sec=20, tm_wday=5, tm_yday=328, tm_isdst=0)"
289,屏東縣,滿州鄉,0,0.0,0,8,"time.struct_time(tm_year=2018, tm_mon=11, tm_mday=24, tm_hour=9, tm_min=14, tm_sec=20, tm_wday=5, tm_yday=328, tm_isdst=0)"
290,屏東縣,枋山鄉,0,0.0,0,6,"time.struct_time(tm_year=2018, tm_mon=11, tm_mday=24, tm_hour=9, tm_min=14, tm_sec=20, tm_wday=5, tm_yday=328, tm_isdst=0)"
291,屏東縣,三地門鄉,0,0.0,0,10,"time.struct_time(tm_year=2018, tm_mon=11, tm_mday=24, tm_hour=9, tm_min=14, tm_sec=21, tm_wday=5, tm_yday=328, tm_isdst=0)"
292,屏東縣,霧臺鄉,0,0.0,0,8,"time.struct_time(tm_year=2018, tm_mon=11, tm_mday=24, tm_hour=9, tm_min=14, tm_sec=21, tm_wday=5, tm_yday=328, tm_isdst=0)"
293,屏東縣,瑪家鄉,0,0.0,0,8,"time.struct_time(tm_year=2018, tm_mon=11, tm_mday=24, tm_hour=9, tm_min=14, tm_sec=21, tm_wday=5, tm_yday=328, tm_isdst=0)"
294,屏東縣,泰武鄉,0,0.0,0,7,"time.struct_time(tm_year=2018, tm_mon=11, tm_mday=24, tm_hour=9, tm_min=14, tm_sec=21, tm_wday=5, tm_yday=328, tm_isdst=0)"
295,屏東縣,來義鄉,0,0.0,0,9,"time.struct_time(tm_year=2018, tm_mon=11, tm_mday=24, tm_hour=9, tm_min=14, tm_sec=21, tm_wday=5, tm_yday=328, tm_isdst=0)"
296,屏東縣,春日鄉,0,0.0,0,6,"time.struct_time(tm_year=2018, tm_mon=11, tm_mday=24, tm_hour=9, tm_min=14, tm_sec=22, tm_wday=5, tm_yday=328, tm_isdst=0)"
297,屏東縣,獅子鄉,0,0.0,0,8,"time.struct_time(tm_year=2018, tm_mon=11, tm_mday=24, tm_hour=9, tm_min=14, tm_sec=22, tm_wday=5, tm_yday=328, tm_isdst=0)"
298,屏東縣,牡丹鄉,0,0.0,0,7,"time.struct_time(tm_year=2018, tm_mon=11, tm_mday=24, tm_hour=9, tm_min=14, tm_sec=22, tm_wday=5, tm_yday=328, tm_isdst=0)"
299,宜蘭縣,宜蘭市,0,0.0,0,78,"time.struct_time(tm_year=2018, tm_mon=11, tm_mday=24, tm_hour=9, tm_min=14, tm_sec=22, tm_wday=5, tm_yday=328, tm_isdst=0)"
300,宜蘭縣,羅東鎮,0,0.0,0,50,"time.struct_time(tm_year=2018, tm_mon=11, tm_mday=24, tm_hour=9, tm_min=14, tm_sec=23, tm_wday=5, tm_yday=328, tm_isdst=0)"
301,宜蘭縣,蘇澳鎮,0,0.0,0,43,"time.struct_time(tm_year=2018, tm_mon=11, tm_mday=24, tm_hour=9, tm_min=14, tm_sec=23, tm_wday=5, tm_yday=328, tm_isdst=0)"
302,宜蘭縣,頭城鎮,0,0.0,0,32,"time.struct_time(tm_year=2018, tm_mon=11, tm_mday=24, tm_hour=9, tm_min=14, tm_sec=23, tm_wday=5, tm_yday=328, tm_isdst=0)"
303,宜蘭縣,礁溪鄉,0,0.0,0,32,"time.struct_time(tm_year=2018, tm_mon=11, tm_mday=24, tm_hour=9, tm_min=14, tm_sec=23, tm_wday=5, tm_yday=328, tm_isdst=0)"
304,宜蘭縣,壯圍鄉,0,0.0,0,23,"time.struct_time(tm_year=2018, tm_mon=11, tm_mday=24, tm_hour=9, tm_min=14, tm_sec=23, tm_wday=5, tm_yday=328, tm_isdst=0)"
305,宜蘭縣,員山鄉,0,0.0,0,31,"time.struct_time(tm_year=2018, tm_mon=11, tm_mday=24, tm_hour=9, tm_min=14, tm_sec=24, tm_wday=5, tm_yday=328, tm_isdst=0)"
306,宜蘭縣,冬山鄉,0,0.0,0,39,"time.struct_time(tm_year=2018, tm_mon=11, tm_mday=24, tm_hour=9, tm_min=14, tm_sec=24, tm_wday=5, tm_yday=328, tm_isdst=0)"
307,宜蘭縣,五結鄉,0,0.0,0,33,"time.struct_time(tm_year=2018, tm_mon=11, tm_mday=24, tm_hour=9, tm_min=14, tm_sec=24, tm_wday=5, tm_yday=328, tm_isdst=0)"
308,宜蘭縣,三星鄉,0,0.0,0,21,"time.struct_time(tm_year=2018, tm_mon=11, tm_mday=24, tm_hour=9, tm_min=14, tm_sec=24, tm_wday=5, tm_yday=328, tm_isdst=0)"
309,宜蘭縣,大同鄉,4,12.12,1,10,"time.struct_time(tm_year=2018, tm_mon=11, tm_mday=24, tm_hour=9, tm_min=14, tm_sec=25, tm_wday=5, tm_yday=328, tm_isdst=0)"
310,宜蘭縣,南澳鄉,0,0.0,0,7,"time.struct_time(tm_year=2018, tm_mon=11, tm_mday=24, tm_hour=9, tm_min=14, tm_sec=25, tm_wday=5, tm_yday=328, tm_isdst=0)"
311,花蓮縣,花蓮市,0,0.0,0,81,"time.struct_time(tm_year=2018, tm_mon=11, tm_mday=24, tm_hour=9, tm_min=14, tm_sec=25, tm_wday=5, tm_yday=328, tm_isdst=0)"
312,花蓮縣,鳳林鎮,0,0.0,0,15,"time.struct_time(tm_year=2018, tm_mon=11, tm_mday=24, tm_hour=9, tm_min=14, tm_sec=25, tm_wday=5, tm_yday=328, tm_isdst=0)"
313,花蓮縣,玉里鎮,0,0.0,0,23,"time.struct_time(tm_year=2018, tm_mon=11, tm_mday=24, tm_hour=9, tm_min=14, tm_sec=25, tm_wday=5, tm_yday=328, tm_isdst=0)"
314,花蓮縣,新城鄉,0,0.0,0,19,"time.struct_time(tm_year=2018, tm_mon=11, tm_mday=24, tm_hour=9, tm_min=14, tm_sec=26, tm_wday=5, tm_yday=328, tm_isdst=0)"
315,花蓮縣,吉安鄉,0,0.0,0,59,"time.struct_time(tm_year=2018, tm_mon=11, tm_mday=24, tm_hour=9, tm_min=14, tm_sec=26, tm_wday=5, tm_yday=328, tm_isdst=0)"
316,花蓮縣,壽豐鄉,0,0.0,0,21,"time.struct_time(tm_year=2018, tm_mon=11, tm_mday=24, tm_hour=9, tm_min=14, tm_sec=26, tm_wday=5, tm_yday=328, tm_isdst=0)"
317,花蓮縣,光復鄉,0,0.0,0,17,"time.struct_time(tm_year=2018, tm_mon=11, tm_mday=24, tm_hour=9, tm_min=14, tm_sec=26, tm_wday=5, tm_yday=328, tm_isdst=0)"
318,花蓮縣,豐濱鄉,0,0.0,0,7,"time.struct_time(tm_year=2018, tm_mon=11, tm_mday=24, tm_hour=9, tm_min=14, tm_sec=27, tm_wday=5, tm_yday=328, tm_isdst=0)"
319,花蓮縣,瑞穗鄉,0,0.0,0,13,"time.struct_time(tm_year=2018, tm_mon=11, tm_mday=24, tm_hour=9, tm_min=14, tm_sec=27, tm_wday=5, tm_yday=328, tm_isdst=0)"
320,花蓮縣,富里鄉,0,0.0,0,13,"time.struct_time(tm_year=2018, tm_mon=11, tm_mday=24, tm_hour=9, tm_min=14, tm_sec=27, tm_wday=5, tm_yday=328, tm_isdst=0)"
321,花蓮縣,秀林鄉,0,0.0,0,14,"time.struct_time(tm_year=2018, tm_mon=11, tm_mday=24, tm_hour=9, tm_min=14, tm_sec=27, tm_wday=5, tm_yday=328, tm_isdst=0)"
322,花蓮縣,萬榮鄉,0,0.0,0,7,"time.struct_time(tm_year=2018, tm_mon=11, tm_mday=24, tm_hour=9, tm_min=14, tm_sec=27, tm_wday=5, tm_yday=328, tm_isdst=0)"
323,花蓮縣,卓溪鄉,0,0.0,0,10,"time.struct_time(tm_year=2018, tm_mon=11, tm_mday=24, tm_hour=9, tm_min=14, tm_sec=28, tm_wday=5, tm_yday=328, tm_isdst=0)"
324,臺東縣,臺東市,0,0.0,0,69,"time.struct_time(tm_year=2018, tm_mon=11, tm_mday=24, tm_hour=9, tm_min=14, tm_sec=28, tm_wday=5, tm_yday=328, tm_isdst=0)"
325,臺東縣,成功鎮,0,0.0,0,17,"time.struct_time(tm_year=2018, tm_mon=11, tm_mday=24, tm_hour=9, tm_min=14, tm_sec=28, tm_wday=5, tm_yday=328, tm_isdst=0)"
326,臺東縣,關山鎮,0,0.0,0,9,"time.struct_time(tm_year=2018, tm_mon=11, tm_mday=24, tm_hour=9, tm_min=14, tm_sec=28, tm_wday=5, tm_yday=328, tm_isdst=0)"
327,臺東縣,卑南鄉,0,0.0,0,22,"time.struct_time(tm_year=2018, tm_mon=11, tm_mday=24, tm_hour=9, tm_min=14, tm_sec=28, tm_wday=5, tm_yday=328, tm_isdst=0)"
328,臺東縣,鹿野鄉,0,0.0,0,10,"time.struct_time(tm_year=2018, tm_mon=11, tm_mday=24, tm_hour=9, tm_min=14, tm_sec=29, tm_wday=5, tm_yday=328, tm_isdst=0)"
329,臺東縣,池上鄉,0,0.0,0,12,"time.struct_time(tm_year=2018, tm_mon=11, tm_mday=24, tm_hour=9, tm_min=14, tm_sec=29, tm_wday=5, tm_yday=328, tm_isdst=0)"
330,臺東縣,東河鄉,0,0.0,0,11,"time.struct_time(tm_year=2018, tm_mon=11, tm_mday=24, tm_hour=9, tm_min=14, tm_sec=29, tm_wday=5, tm_yday=328, tm_isdst=0)"
331,臺東縣,長濱鄉,0,0.0,0,11,"time.struct_time(tm_year=2018, tm_mon=11, tm_mday=24, tm_hour=9, tm_min=14, tm_sec=29, tm_wday=5, tm_yday=328, tm_isdst=0)"
332,臺東縣,太麻里鄉,0,0.0,0,15,"time.struct_time(tm_year=2018, tm_mon=11, tm_mday=24, tm_hour=9, tm_min=14, tm_sec=29, tm_wday=5, tm_yday=328, tm_isdst=0)"
333,臺東縣,大武鄉,0,0.0,0,6,"time.struct_time(tm_year=2018, tm_mon=11, tm_mday=24, tm_hour=9, tm_min=14, tm_sec=30, tm_wday=5, tm_yday=328, tm_isdst=0)"
334,臺東縣,綠島鄉,0,0.0,0,4,"time.struct_time(tm_year=2018, tm_mon=11, tm_mday=24, tm_hour=9, tm_min=14, tm_sec=30, tm_wday=5, tm_yday=328, tm_isdst=0)"
335,臺東縣,海端鄉,0,0.0,0,6,"time.struct_time(tm_year=2018, tm_mon=11, tm_mday=24, tm_hour=9, tm_min=14, tm_sec=30, tm_wday=5, tm_yday=328, tm_isdst=0)"
336,臺東縣,延平鄉,0,0.0,0,5,"time.struct_time(tm_year=2018, tm_mon=11, tm_mday=24, tm_hour=9, tm_min=14, tm_sec=30, tm_wday=5, tm_yday=328, tm_isdst=0)"
337,臺東縣,金峰鄉,0,0.0,0,5,"time.struct_time(tm_year=2018, tm_mon=11, tm_mday=24, tm_hour=9, tm_min=14, tm_sec=31, tm_wday=5, tm_yday=328, tm_isdst=0)"
338,臺東縣,達仁鄉,0,0.0,0,7,"time.struct_time(tm_year=2018, tm_mon=11, tm_mday=24, tm_hour=9, tm_min=14, tm_sec=31, tm_wday=5, tm_yday=328, tm_isdst=0)"
339,臺東縣,蘭嶼鄉,0,0.0,0,4,"time.struct_time(tm_year=2018, tm_mon=11, tm_mday=24, tm_hour=9, tm_min=14, tm_sec=31, tm_wday=5, tm_yday=328, tm_isdst=0)"
340,澎湖縣,馬公市,0,0.0,0,50,"time.struct_time(tm_year=2018, tm_mon=11, tm_mday=24, tm_hour=9, tm_min=14, tm_sec=31, tm_wday=5, tm_yday=328, tm_isdst=0)"
341,澎湖縣,湖西鄉,1,0.93,1,23,"time.struct_time(tm_year=2018, tm_mon=11, tm_mday=24, tm_hour=9, tm_min=14, tm_sec=32, tm_wday=5, tm_yday=328, tm_isdst=0)"
342,澎湖縣,白沙鄉,0,0.0,0,15,"time.struct_time(tm_year=2018, tm_mon=11, tm_mday=24, tm_hour=9, tm_min=14, tm_sec=32, tm_wday=5, tm_yday=328, tm_isdst=0)"
343,澎湖縣,西嶼鄉,3,4.05,1,12,"time.struct_time(tm_year=2018, tm_mon=11, tm_mday=24, tm_hour=9, tm_min=14, tm_sec=32, tm_wday=5, tm_yday=328, tm_isdst=0)"
344,澎湖縣,望安鄉,0,0.0,0,10,"time.struct_time(tm_year=2018, tm_mon=11, tm_mday=24, tm_hour=9, tm_min=14, tm_sec=32, tm_wday=5, tm_yday=328, tm_isdst=0)"
345,澎湖縣,七美鄉,0,0.0,0,6,"time.struct_time(tm_year=2018, tm_mon=11, tm_mday=24, tm_hour=9, tm_min=14, tm_sec=32, tm_wday=5, tm_yday=328, tm_isdst=0)"
346,金門縣,金城鎮,0,0.0,0,21,"time.struct_time(tm_year=2018, tm_mon=11, tm_mday=24, tm_hour=9, tm_min=14, tm_sec=33, tm_wday=5, tm_yday=328, tm_isdst=0)"
347,金門縣,金沙鎮,0,0.0,0,13,"time.struct_time(tm_year=2018, tm_mon=11, tm_mday=24, tm_hour=9, tm_min=14, tm_sec=33, tm_wday=5, tm_yday=328, tm_isdst=0)"
348,金門縣,金湖鎮,0,0.0,0,17,"time.struct_time(tm_year=2018, tm_mon=11, tm_mday=24, tm_hour=9, tm_min=14, tm_sec=33, tm_wday=5, tm_yday=328, tm_isdst=0)"
349,金門縣,金寧鄉,0,0.0,0,17,"time.struct_time(tm_year=2018, tm_mon=11, tm_mday=24, tm_hour=9, tm_min=14, tm_sec=33, tm_wday=5, tm_yday=328, tm_isdst=0)"
350,金門縣,烈嶼鄉,0,0.0,0,8,"time.struct_time(tm_year=2018, tm_mon=11, tm_mday=24, tm_hour=9, tm_min=14, tm_sec=34, tm_wday=5, tm_yday=328, tm_isdst=0)"
351,金門縣,烏坵鄉,0,0.0,0,2,"time.struct_time(tm_year=2018, tm_mon=11, tm_mday=24, tm_hour=9, tm_min=14, tm_sec=34, tm_wday=5, tm_yday=328, tm_isdst=0)"
352,連江縣,南竿鄉,0,0.0,0,4,"time.struct_time(tm_year=2018, tm_mon=11, tm_mday=24, tm_hour=9, tm_min=14, tm_sec=34, tm_wday=5, tm_yday=328, tm_isdst=0)"
353,連江縣,北竿鄉,0,0.0,0,2,"time.struct_time(tm_year=2018, tm_mon=11, tm_mday=24, tm_hour=9, tm_min=14, tm_sec=34, tm_wday=5, tm_yday=328, tm_isdst=0)"
354,連江縣,莒光鄉,0,0.0,0,2,"time.struct_time(tm_year=2018, tm_mon=11, tm_mday=24, tm_hour=9, tm_min=14, tm_sec=34, tm_wday=5, tm_yday=328, tm_isdst=0)"
355,連江縣,東引鄉,0,0.0,0,1,"time.struct_time(tm_year=2018, tm_mon=11, tm_mday=24, tm_hour=9, tm_min=14, tm_sec=35, tm_wday=5, tm_yday=328, tm_isdst=0)"
356,基隆市,中正區,0,0.0,0,35,"time.struct_time(tm_year=2018, tm_mon=11, tm_mday=24, tm_hour=9, tm_min=14, tm_sec=35, tm_wday=5, tm_yday=328, tm_isdst=0)"
357,基隆市,七堵區,0,0.0,0,39,"time.struct_time(tm_year=2018, tm_mon=11, tm_mday=24, tm_hour=9, tm_min=14, tm_sec=35, tm_wday=5, tm_yday=328, tm_isdst=0)"
358,基隆市,暖暖區,0,0.0,0,28,"time.struct_time(tm_year=2018, tm_mon=11, tm_mday=24, tm_hour=9, tm_min=14, tm_sec=35, tm_wday=5, tm_yday=328, tm_isdst=0)"
359,基隆市,仁愛區,0,0.0,0,35,"time.struct_time(tm_year=2018, tm_mon=11, tm_mday=24, tm_hour=9, tm_min=14, tm_sec=36, tm_wday=5, tm_yday=328, tm_isdst=0)"
360,基隆市,中山區,0,0.0,0,35,"time.struct_time(tm_year=2018, tm_mon=11, tm_mday=24, tm_hour=9, tm_min=14, tm_sec=36, tm_wday=5, tm_yday=328, tm_isdst=0)"
361,基隆市,安樂區,0,0.0,0,49,"time.struct_time(tm_year=2018, tm_mon=11, tm_mday=24, tm_hour=9, tm_min=14, tm_sec=36, tm_wday=5, tm_yday=328, tm_isdst=0)"
362,基隆市,信義區,0,0.0,0,36,"time.struct_time(tm_year=2018, tm_mon=11, tm_mday=24, tm_hour=9, tm_min=14, tm_sec=36, tm_wday=5, tm_yday=328, tm_isdst=0)"
363,新竹市,東區,0,0.0,0,139,"time.struct_time(tm_year=2018, tm_mon=11, tm_mday=24, tm_hour=9, tm_min=14, tm_sec=36, tm_wday=5, tm_yday=328, tm_isdst=0)"
364,新竹市,北區,0,0.0,0,105,"time.struct_time(tm_year=2018, tm_mon=11, tm_mday=24, tm_hour=9, tm_min=14, tm_sec=37, tm_wday=5, tm_yday=328, tm_isdst=0)"
365,新竹市,香山區,0,0.0,0,55,"time.struct_time(tm_year=2018, tm_mon=11, tm_mday=24, tm_hour=9, tm_min=14, tm_sec=37, tm_wday=5, tm_yday=328, tm_isdst=0)"
366,嘉義市,東區,0,0.0,0,81,"time.struct_time(tm_year=2018, tm_mon=11, tm_mday=24, tm_hour=9, tm_min=14, tm_sec=37, tm_wday=5, tm_yday=328, tm_isdst=0)"
367,嘉義市,西區,0,0.0,0,96,"time.struct_time(tm_year=2018, tm_mon=11, tm_mday=24, tm_hour=9, tm_min=14, tm_sec=37, tm_wday=5, tm_yday=328, tm_isdst=0)"
